Code,S_AL,S_T,n_AL,d_AL,n_ST,d_ST,D,D_c,W_T,W_AL,W_ST,R25,R50,R75
LA125-Penguin,107.23,125.1,6,4.77,1,4.77,14.3,4.77,433.06,294.06,138.99,0.26968,0.34983,0.37966
LA175-Ostrich,151.94,176.64,26,2.73,7,2.12,17.27,6.36,613.12,419.96,193.16,0.19014,0.20878,0.22742
LA280-Hawk,241.55,280.84,26,3.44,7,2.67,21.79,8.02,974.75,667.59,307.16,0.11992,0.13173,0.14354
Drake,403.03,468.64,26,4.44,7,3.45,28.14,10.36,1626.56,1114.63,511.93,0.0727,0.07954,0.08637
LA455-Condor,402.58,454.77,54,3.08,7,3.08,27.74,9.25,1520.9,1113.15,407.76,0.0727,0.08016,0.08699
LA545-Cardinal,483.29,545.93,54,3.38,7,3.38,30.38,10.13,1827.46,1337.86,489.61,0.06108,0.06711,0.0727
LA635-Finch,564.19,635.74,54,3.65,19,2.19,32.84,10.95,2128.07,1568.52,559.55,0.05288,0.05785,0.06276
